city,id,cloudiness,country,date,humidity,lat,lng,maxTemp,windSpeed
Hermanus,3366880,15,ZA,1584512108,94,-34.42,19.23,291.48,1.79
Torbay,6167817,75,CA,1584512108,74,47.67,-52.73,273.15,9.3
Spornoye,578283,0,RU,1584512108,55,50.84,37.29,274.15,4
Jutaí,3663693,99,BR,1584512108,98,-5.18,-68.9,295.9,0.83
Athabasca,5887916,83,CA,1584512108,98,54.72,-113.29,259.8,0.78
Cape Town,3369157,20,ZA,1584511831,93,-33.93,18.42,294.26,3.1
La Ronge,6050066,20,CA,1584512109,69,55.1,-105.28,248.15,1
Port Alfred,964432,0,ZA,1584512109,90,-33.59,26.89,292.04,2.68
Broome,5110365,20,US,1584512109,69,42.25,-75.83,274.26,1.5
Airai,1651810,5,TL,1584512109,52,-8.93,125.41,299.8,2.95
Cockburn Town,3576994,26,TC,1584512105,75,21.46,-71.14,297.1,8.63
Bengkulu,1649150,98,ID,1584512110,83,-3.8,102.27,301.7,2.59
Pathein,1328421,0,MM,1584512110,56,16.78,94.73,302.2,5.87
Nhulunbuy,2064735,40,AU,1584512110,70,-12.23,136.77,304.15,6.7
Punta Arenas,3874787,75,CL,1584512110,62,-53.15,-70.92,286.15,2.6
Cayenne,3382160,49,GF,1584511941,94,4.93,-52.33,297.15,0.5
Atuona,4020109,99,PF,1584512105,78,-9.8,-139.03,301.2,5.72
Ferrol,3123493,0,ES,1584512111,100,43.48,-8.24,285.37,1.5
Hilo,5855927,90,US,1584512065,88,19.73,-155.09,296.48,1.5
Tres Arroyos,3833859,73,AR,1584511964,94,-38.37,-60.28,287.3,3.53
Esperance,2071860,40,AU,1584512112,29,-33.87,121.9,297.15,10.8
Am Timan,245338,77,TD,1584512112,13,11.03,20.28,300,4.54
Quelimane,1028434,40,MZ,1584512112,88,-17.88,36.89,298.15,5.1
Māngrol,1263752,0,IN,1584512112,51,21.12,70.12,299.7,2.01
Albany,5106841,20,US,1584512113,59,42.6,-73.97,277.04,3.1
Himensulan,1711697,20,PH,1584512113,43,10.6,124.28,306.15,5.7
Souillac,933995,40,MU,1584512113,70,-20.52,57.52,302.15,3.6
Yellowknife,6185377,20,CA,1584512048,76,62.46,-114.35,250.37,2.1
Castro,3466704,56,BR,1584511844,99,-24.79,-50.01,290.7,1.59
Kahului,5847411,75,US,1584512114,94,20.89,-156.47,295.15,2.6
Pevek,2122090,100,RU,1584512114,93,69.7,170.31,262.9,6.11
Tasiilaq,3424607,85,GL,1584512114,66,65.61,-37.64,262.15,2.6
São Filipe,3374210,0,CV,1584512114,76,14.9,-24.5,292.4,6.2
Norman Wells,6089245,75,CA,1584512115,92,65.28,-126.83,264.15,3.1
Vestmannaeyjar,3412093,0,IS,1584512115,71,63.44,-20.27,273.1,10.92
Nelson,2186280,0,NZ,1584511994,59,-41.28,173.28,290.37,0.45
Rikitea,4030556,45,PF,1584512115,82,-23.12,-134.97,299.9,4.75
Busselton,2075265,15,AU,1584512115,33,-33.65,115.33,294.26,9.05
Kapaa,5848280,90,US,1584511861,88,22.08,-159.32,297.15,5.1
Maniitsoq,3421982,100,GL,1584512116,65,65.42,-52.9,265.5,10.6
Dunedin,2191562,62,NZ,1584512116,66,-45.87,170.5,287.59,2.6
Jamestown,5122534,1,US,1584512116,86,42.1,-79.24,277.04,2.6
Thompson,6165406,5,CA,1584512116,63,55.74,-97.86,249.15,2.6
Flinders,6255012,0,AU,1584512117,42,-34.58,150.86,300.93,5.7
Mataura,6201424,82,NZ,1584512117,78,-46.19,168.86,287.04,0.89
Vaini,4032243,75,TO,1584512117,83,-21.2,-175.2,299.15,4.1
Nikolskoye,546105,90,RU,1584512117,86,59.7,30.79,277.15,7
Karlstad,2701680,100,SE,1584512117,93,59.38,13.5,277.59,4.1
Bredasdorp,1015776,0,ZA,1584512118,72,-34.53,20.04,293.15,3.6
Sai Buri,1606851,20,TH,1584512118,70,6.7,101.62,303.15,4.1
Ushuaia,3833367,40,AR,1584511915,58,-54.8,-68.3,285.15,1.53
Hithadhoo,1282256,0,MV,1584512118,72,-0.6,73.08,302.7,4.04
Bethel,5282297,1,US,1584512118,80,41.37,-73.41,281.15,2.03
Vanimo,2084442,73,PG,1584512119,78,-2.67,141.3,301.7,7.09
Leningradskiy,2123814,100,RU,1584512119,76,69.38,178.42,270.1,3.88
Takoradze,2294915,100,GH,1584512119,89,4.88,-1.76,299.1,2.31
Kloulklubed,7671223,75,PW,1584512119,66,7.04,134.26,304.15,4.1
Yashkul',468747,100,RU,1584512120,72,46.17,45.34,277.1,4.5
Longyearbyen,2729907,20,SJ,1584512106,75,78.22,15.64,244.15,3.1
Arraial do Cabo,3471451,0,BR,1584512120,100,-22.97,-42.03,294.15,6
Korla,1529376,85,CN,1584512120,22,41.76,86.15,282.8,2.18
Iskateley,866062,100,RU,1584512120,94,67.68,53.15,270,7.28
Saint George,5546220,40,US,1584512003,57,37.1,-113.58,284.15,3.1
Dikson,1507390,97,RU,1584512121,99,73.51,80.55,252.1,2.67
Nola,6541905,42,IT,1584512121,70,40.92,14.53,284.82,2.1
Puerto Ayora,3652764,19,EC,1584512121,84,-0.74,-90.35,298.15,0.89
Doha,290030,17,QA,1584511879,65,25.29,51.53,298.15,5.1
Dauriya,2025099,7,RU,1584512122,78,49.93,116.87,270.2,7.95
Teguise,2510573,20,ES,1584512122,72,29.06,-13.56,289.15,2.6
Moussoro,2427336,85,TD,1584512122,10,13.64,16.49,296.2,6.97
Englewood,5421250,40,US,1584512054,86,39.65,-104.99,279.82,2.32
East London,1006984,0,ZA,1584512122,69,-33.02,27.91,296.15,2.6
Tautira,4033557,75,PF,1584512123,74,-17.73,-149.15,302.15,3.46
Henties Bay,3356832,18,NA,1584512123,96,-22.12,14.28,289.82,0.89
Seoni,1256826,95,IN,1584512123,19,22.08,79.53,303.4,2.29
Zhigansk,2012530,13,RU,1584512123,88,66.77,123.37,245.5,2.08
Alyangula,2079582,75,AU,1584512123,58,-13.85,136.42,304.15,3.1
Saskylakh,2017155,37,RU,1584511925,83,71.92,114.08,249.8,7.12
Khatanga,2022572,100,RU,1584512124,86,71.97,102.5,251.1,3.22
Roald,3141667,75,NO,1584512124,68,62.58,6.13,278.15,8.7
Pacific Grove,5380437,1,US,1584512124,81,36.62,-121.92,281.48,2.1
Dāmghān,138025,33,IR,1584512124,56,36.17,54.35,288.4,4.77
Saint Paul Harbor,5866583,90,US,1584512125,82,57.79,-152.41,277.15,2.1
Oodweyne,53372,43,SO,1584512125,58,9.41,45.06,296.8,3.49
Faya,110690,40,SA,1584512125,88,18.39,42.45,290.15,6.2
Lebu,3883457,4,CL,1584512125,97,-37.62,-73.65,283.8,1.99
Sitka,5557293,1,US,1584512126,86,57.05,-135.33,277.15,2.74
Bluff,2206939,92,NZ,1584512126,78,-46.6,168.33,287.04,0.89
Lüderitz,3355672,0,NA,1584512126,87,-26.65,15.16,288.15,3.1
Brighton,2654710,75,GB,1584511829,93,50.83,-0.14,283.71,4.1
Luang Prabang,1655559,40,LA,1584512126,49,19.89,102.13,305.15,1
Quatre Cocos,1106643,40,MU,1584512127,70,-20.21,57.76,302.15,3.6
Coyhaique,3894426,3,CL,1584512127,87,-45.58,-72.07,280.15,2.1
Narsaq,3421719,79,GL,1584512127,28,60.92,-46.05,265.15,6.7
Carauari,3664659,93,BR,1584512127,98,-4.88,-66.9,295.9,0.33
Bāfq,142255,62,IR,1584512128,26,31.61,55.41,294.8,7.82
Aljezur,2271968,100,PT,1584512128,92,37.32,-8.8,285.37,9.57
Kūstī,371760,76,SD,1584512128,14,13.16,32.66,299.1,7.18
Tuktoyaktuk,6170031,40,CA,1584512128,76,69.45,-133.04,251.15,5.1
Ponta do Sol,2264557,40,PT,1584512128,63,32.67,-17.1,289.15,8.2
Alofi,4036284,100,NU,1584512129,83,-19.06,-169.92,301.15,3.1
Chui,3443061,100,UY,1584512129,83,-33.7,-53.46,293.1,6.48
Dondo,1024696,75,MZ,1584512129,78,-19.61,34.74,296.15,4.6
Avarua,4035715,100,CK,1584512129,88,-21.21,-159.78,300.15,7.2
Ancud,3899695,0,CL,1584512130,93,-41.87,-73.82,282.15,3.6
Parabel',1495586,100,RU,1584512130,88,58.7,81.48,271.9,6.76
Kambove,923058,100,CD,1584512130,98,-10.88,26.6,290.4,1.87
Broken Hill,2173911,0,AU,1584512130,18,-31.95,141.43,305.15,2.6
São Félix do Xingu,3388847,40,BR,1584512130,97,-6.64,-51.99,294.8,0.84
Strezhevoy,1490796,90,RU,1584512130,79,60.73,77.59,271.15,5
Tongchuanshi,1795196,8,CN,1584512131,12,35.08,109.09,294.8,7.49
Saint-Philippe,935215,20,RE,1584512131,74,-21.36,55.77,302.15,1.5
Mahébourg,934322,40,MU,1584512131,70,-20.41,57.7,302.15,3.6
Acaraú,3408368,43,BR,1584512131,96,-2.89,-40.12,296.6,1.45
Mar del Plata,3430863,90,AR,1584511930,100,-38,-57.56,292.59,1.5
Hobart,2163355,75,AU,1584511976,60,-42.88,147.33,294.82,3.6
Tatvan,299582,75,TR,1584512132,100,38.51,42.28,274.15,3.1
Vieux-Habitants,3578278,20,GP,1584512132,94,16.06,-61.77,294.15,0.5
Butaritari,2110227,1,KI,1584512132,76,3.07,172.79,301.9,6.58
Ostrovnoy,556268,93,RU,1584512132,93,68.05,39.51,268.6,5.36
New Norfolk,2155415,75,AU,1584512133,60,-42.78,147.06,294.82,3.6
Port Elizabeth,964420,0,ZA,1584512105,82,-33.92,25.57,292.15,10.3
Homer,5864145,90,US,1584512133,95,59.64,-151.55,274.26,1.5
Palmer,4946620,1,US,1584512032,52,42.16,-72.33,278.15,3.6
Roebourne,2062276,0,AU,1584512133,14,-20.78,117.13,314.1,3.53
Tessalit,2449893,91,ML,1584512134,24,20.2,1.01,296.6,0.81
Fortuna,5563839,90,US,1584512134,87,40.6,-124.16,281.15,7.7
Barrow,5880054,90,US,1584512134,78,71.29,-156.79,264.15,6.7
San Quintín,3984997,50,MX,1584511925,62,30.48,-115.95,288,3.24
Katsuura,2112309,20,JP,1584512135,51,35.13,140.3,292.04,3.1
Kiryat Gat,293842,75,IL,1584511981,54,31.61,34.76,287.15,7.2
Teya,1489656,100,RU,1584512135,87,60.38,92.63,271.1,7.4
Touros,3386213,40,BR,1584512135,94,-5.2,-35.46,298.15,2.1
Comodoro Rivadavia,3860443,0,AR,1584512101,52,-45.87,-67.5,291.15,6.7
Santa Luzia,3450144,75,BR,1584511948,93,-19.77,-43.85,293.15,2.6
Somerville,4951257,1,US,1584511980,60,42.39,-71.1,278.71,4.6
Isiro,215771,100,CD,1584512136,80,2.77,27.62,296,1.89
Beidao,1816751,100,CN,1584512137,15,34.57,105.89,290.3,3.31
Bereslavka,577403,95,RU,1584512137,32,48.63,44.04,278.15,3
Bambous Virieux,1106677,40,MU,1584512137,70,-20.34,57.76,302.15,3.6
Wagar,364027,33,SD,1584512137,45,16.15,36.2,297.7,4.61
Barra de Tecoanapa,3516171,0,MX,1584512137,92,16.52,-98.75,296.2,1.06
Rudnyy,1519843,0,KZ,1584512138,80,52.96,63.12,272.15,5
Payson,5779548,90,US,1584512138,52,40.04,-111.73,284.15,1.3
Ribeira Grande,3372707,48,PT,1584512138,91,38.52,-28.7,287.8,5.45
Selfoss,3413604,75,IS,1584512138,85,63.93,-21,273.15,6.7
Forsytheganj,10722858,52,BY,1584512138,83,52.63,29.73,276,3.43
Port Hedland,2063042,0,AU,1584512139,37,-20.32,118.57,312.15,6.2
Salalah,286621,75,OM,1584512139,65,17.02,54.09,299.15,4.1
Nāgamangala,1262266,35,IN,1584512139,35,12.82,76.76,303.15,3.1
Kisangani,212730,100,CD,1584512140,93,0.52,25.2,296.1,1.47
Isla Mujeres,3526756,20,MX,1584512140,74,21.23,-86.73,299.15,4.1
Farafangana,1065158,27,MG,1584512140,78,-22.82,47.83,298.7,7.78
Luanda,2240449,94,AO,1584511789,81,-8.84,13.23,299.6,3.58
Saldanha,3361934,17,ZA,1584512140,87,-33.01,17.94,287.15,1.5
Ilulissat,3423146,96,GL,1584512141,50,69.22,-51.1,259.15,13.9
Marang,1734715,20,MY,1584512141,62,5.21,103.21,305.15,3.6
Klyuchi,1503153,3,RU,1584512141,86,52.27,79.17,271.7,7.53
Petropavlovsk-Kamchatskiy,2122104,100,RU,1584512141,73,53.05,158.65,273.15,6
Beisfjord,3144987,91,NO,1584512141,87,68.38,17.6,276.15,11.3
Kankan,2419992,52,GN,1584512142,66,10.39,-9.31,297.1,2.69
Portland,5746545,1,US,1584512109,75,45.52,-122.68,282.15,5.7
Plouzané,2986626,20,FR,1584512142,100,48.38,-4.62,279.15,3.6
Panzhihua,6929460,0,CN,1584512142,37,26.59,101.71,294.26,0.76
Chokurdakh,2126123,71,RU,1584512143,92,70.63,147.92,245.2,4.77
Kamenka,553766,21,RU,1584512143,60,51.32,42.77,277.59,1.34
Orocué,3673536,5,CO,1584512143,41,4.79,-71.34,300.9,2.14
Pisco,3932145,95,PE,1584512143,78,-13.7,-76.22,296.15,2.6
Bereket,161974,66,TM,1584512143,61,39.24,55.52,285.9,4.52
Montague,4944413,1,US,1584512108,52,42.54,-72.54,278.15,5.1
La Reforma,4000490,40,MX,1584512144,73,25.08,-108.05,294.15,1.5
Bandrele,1090397,33,YT,1584512144,66,-12.91,45.19,303.15,1
Siocon,1686123,15,PH,1584512144,79,7.71,122.14,300.8,6.49
Hasaki,2112802,20,JP,1584512144,25,35.73,140.83,292.15,3.1
Carballo,3126369,0,ES,1584512145,100,43.21,-8.69,283.15,1.5
Severo-Kuril'sk,2121385,100,RU,1584512145,90,50.68,156.12,266.6,7.4
Camacha,2270385,75,PT,1584512145,67,33.08,-16.33,289.15,7.7
Hong Kong,1819729,40,HK,1584511867,83,22.29,114.16,296.15,2.1
Creel,4012593,75,MX,1584512146,76,27.75,-107.63,279.9,3.46
Turbat,1163054,9,PK,1584512146,11,26,63.04,303.1,1.23
San Patricio,3985168,0,MX,1584512146,81,19.22,-104.7,297,1.83
Jacksonville Beach,4160023,90,US,1584512100,94,30.29,-81.39,294.15,3.6
Carutapera,3402648,46,BR,1584512146,81,-1.2,-46.02,300.7,4.76
Rock Springs,5836898,1,US,1584511916,47,41.59,-109.2,276.15,5.1
Tutóia,3385899,100,BR,1584512147,96,-2.76,-42.27,296.7,1.84
Alexandria,361058,40,EG,1584511957,54,31.22,29.96,288.15,7.7
Laguna,5364271,75,US,1584512147,100,38.42,-121.42,282.15,2.6
Tuatapere,2180815,100,NZ,1584512147,78,-46.13,167.68,287.04,0.89
Dargaville,2191911,0,NZ,1584512148,64,-35.93,173.88,288.9,2.44
Fort Nelson,5955902,90,CA,1584512148,42,58.81,-122.7,270.15,1.5
Hambantota,1244926,75,LK,1584512148,70,6.12,81.12,304.15,6.2
Hamilton,4513583,1,US,1584511723,100,39.18,-84.53,278.71,1.39
Sapouy,2355869,0,BF,1584512148,54,11.55,-1.77,299.4,1.81
Aykhal,2027296,5,RU,1584512149,44,66,111.5,255.15,5
Shiloh,4249910,1,US,1584511856,86,38.56,-89.9,281.48,2.52
Tomatlán,3981391,0,MX,1584512149,90,19.93,-105.25,292.2,0.42
Padang,1633419,99,ID,1584512149,75,-0.95,100.35,300.4,1.43
Zwedru,2272491,99,LR,1584512149,99,6.07,-8.13,295.9,1.25
Rūdbār,1128239,0,AF,1584512150,23,30.15,62.6,300.1,3.06
Xuzhou,1787824,0,CN,1584512150,31,34.18,117.16,297.2,8.02
Nago,1856068,90,JP,1584512150,73,26.59,127.98,294.15,6.7
Kaitangata,2208248,64,NZ,1584512150,66,-46.28,169.85,287.59,3.01
Oranjemund,3354071,9,NA,1584512150,90,-28.55,16.43,288.8,2.64
Naraina,1261872,0,IN,1584512151,32,26.78,75.2,300.15,2.6
Punta Alta,3839982,94,AR,1584512151,81,-38.88,-62.07,292.7,0.06
Talnakh,1490256,75,RU,1584512151,85,69.49,88.4,263.15,13
Dauphin,5935341,90,CA,1584512151,92,51.15,-100.05,263.15,4.1
Buraidah,107304,40,SA,1584512151,56,26.33,43.98,293.15,5.7
Ramotswa,933141,40,BW,1584512152,68,-24.87,25.87,294.15,3.6
Nioro,2412408,0,GM,1584512152,45,13.35,-15.75,292.2,3.19
Evensk,2125693,100,RU,1584512152,84,61.95,159.23,261.3,1.68
Carnarvon,2074865,100,AU,1584512152,61,-24.87,113.63,300.15,10.3
Alliston,5884051,1,CA,1584512152,73,44.15,-79.87,273.15,1.54
Andenes,3163146,75,NO,1584512153,74,69.31,16.12,275.15,9.3
Tabuk,1684803,32,PH,1584512153,54,17.42,121.44,302.6,3.22
Staryy Nadym,1490918,14,RU,1584512153,84,65.61,72.68,266.3,8.49
Qaanaaq,3831208,96,GL,1584512153,57,77.48,-69.36,244.8,3.57
Churapcha,2025241,100,RU,1584512154,89,62,132.43,261.3,4.71
Tocopilla,3869716,0,CL,1584512154,91,-22.09,-70.2,286.2,0.43
Portobelo,3702577,65,PA,1584512154,69,9.55,-79.65,299.15,1
Coquimbo,3893629,0,CL,1584512154,87,-29.95,-71.34,287.15,2.1
Miramar,4164601,40,US,1584511911,73,25.99,-80.23,297.59,4.1
Lahaina,5849996,75,US,1584512090,94,20.88,-156.68,295.15,1.5
Mount Gambier,2156643,75,AU,1584512155,30,-37.83,140.77,300.15,5.7
Kysyl-Syr,2021017,0,RU,1584512155,90,63.9,122.76,252.7,2.27
Riyadh,108410,40,SA,1584512109,36,24.69,46.72,297.15,2.6
Verāval,1253237,0,IN,1584511933,10,20.9,70.37,309.1,3.03
Maragogi,3395458,100,BR,1584512156,80,-9.01,-35.22,301.3,6.34
Isangel,2136825,90,VU,1584512156,83,-19.55,169.27,299.15,8.93
Charters Towers,2171722,6,AU,1584512156,45,-20.1,146.27,302.2,4.81
Shimoda,1852357,0,JP,1584512156,42,34.67,138.95,291.15,5.7
Kodinsk,1503037,97,RU,1584512156,79,58.69,99.18,268.4,7.86
Sri Aman,1735799,75,MY,1584512157,66,1.24,111.46,305.15,1.5
Codrington,2171099,100,AU,1584512157,69,-38.27,141.97,291.7,3.6
Te Anau,2181625,83,NZ,1584512157,71,-45.42,167.72,284.5,4.95
Jizan,105298,75,SA,1584512157,79,17.33,42.67,302.15,1.5
Prince Rupert,6113406,1,CA,1584512108,86,54.32,-130.32,274.15,1
Yumen,1528998,33,CN,1584512158,11,40.28,97.2,288.2,8.02
Sørland,3137469,40,NO,1584512158,71,67.67,12.69,277.15,7.7
Moranbah,6533368,0,AU,1584512158,39,-22,148.05,301.9,8.43
Iquitos,3696183,75,PE,1584512158,94,-3.75,-73.25,296.15,1.5
Fairbanks,5861897,90,US,1584512163,94,64.84,-147.72,273.15,1.04
Nantucket,4944903,1,US,1584512167,70,41.28,-70.1,279.15,5.7
Sakaiminato,1853174,20,JP,1584512167,51,35.55,133.23,289.15,4.6
Gilbués,3398931,41,BR,1584512167,88,-9.83,-45.34,295.6,0.83
Rey Bouba,2222439,100,CM,1584512167,16,8.67,14.18,297.5,0.55
Arrondissement de Toul,2972349,90,FR,1584512167,93,48.67,5.92,280.15,0.8
Gouré,2444219,100,NE,1584512168,12,13.98,10.27,298.15,3.13
Aklavik,5882953,20,CA,1584512168,85,68.22,-135.01,262.15,3.1
Jacobina,3460344,74,BR,1584512168,94,-11.18,-40.52,292.7,1.02
Hanmer Springs,2190299,0,NZ,1584512168,58,-42.52,172.82,286.9,1.02
Husavik,2629833,90,IS,1584512168,94,66.04,-17.34,273.15,11.3
Constitución,3893726,0,CL,1584512169,76,-35.33,-72.42,285.7,1.72
Bilma,2446796,0,NE,1584511985,10,18.69,12.92,294,4.14
Verkhnyaya Inta,1487332,100,RU,1584512169,93,65.98,60.31,268.5,10.02
Novyy Urgal,2047258,100,RU,1584512169,90,51.07,132.56,271.1,0.72
Antalaha,1071296,0,MG,1584512169,80,-14.9,50.28,299.4,2.76
Kumul,1529484,10,CN,1584512170,16,42.8,93.45,287.2,1.66
Sept-Îles,6144312,90,CA,1584511602,100,50.2,-66.38,269.82,2.6
Non Thai,1608131,30,TH,1584512170,47,15.2,102.04,310.37,2.6
Tsogni,2400547,100,GA,1584512170,82,-2.79,10.1,301,3.13
Solnechnyy,2016307,100,RU,1584512170,93,50.72,136.63,271.3,1.64
Nanpiao,2035644,100,CN,1584512171,23,41.1,120.75,291.6,6.27
Arlit,2447513,0,NE,1584512171,9,18.74,7.39,297.7,4.01
Werda,932960,39,BW,1584512171,65,-25.27,23.28,293,5.13
Salinas,5391295,1,US,1584512171,81,36.68,-121.66,281.48,2.1
Port Macquarie,2152659,0,AU,1584512171,56,-31.43,152.92,298.15,4.1
Gao,2457161,13,ML,1584512172,14,16.64,1.64,297.5,2.82
Dali,1814093,0,CN,1584512172,24,25.7,100.18,294,5.95
Port Blair,1259385,61,IN,1584512172,62,11.67,92.75,301.8,4.48
Garzón,3682108,98,CO,1584512172,96,2.2,-75.63,289,0.94
Fare,4034496,100,PF,1584512172,68,-16.7,-151.02,301.9,2.31
Rome,5134295,1,US,1584511936,63,43.21,-75.46,273.15,1.5
George Town,1735106,20,MY,1584512074,59,5.41,100.34,305.15,3.1
Hjelset,3152548,40,NO,1584512173,79,62.78,7.48,276.15,4.1
Katobu,1640972,54,ID,1584512173,79,-4.94,122.53,302.2,1.39
Mitsamiouli,921786,75,KM,1584512173,78,-11.38,43.28,301.15,2.1
Mossamedes,3347019,100,AO,1584512174,78,-15.2,12.15,296.5,3.4
Kushmurun,1519924,0,KZ,1584512174,88,52.45,64.63,270.3,3.15
Makakilo City,5850554,75,US,1584512174,88,21.35,-158.09,297.15,6.2
Inuvik,5983607,20,CA,1584512174,85,68.35,-133.72,262.15,3.1
Ibiporã,3461588,0,BR,1584512174,83,-23.27,-51.05,297.15,0.93
Camaçari,3468031,40,BR,1584512175,78,-12.7,-38.32,301.15,2.1
Ahipara,2194098,0,NZ,1584512175,70,-35.17,173.17,290.5,7.59
Okhotsk,2122605,0,RU,1584512175,77,59.38,143.3,263.6,0.63
Shingū,1847947,40,JP,1584512175,39,33.73,135.98,291.15,3.1
Pochutla,3517970,34,MX,1584512175,78,15.74,-96.47,298.71,6.61
Nome,5870133,90,US,1584512175,92,64.5,-165.41,272.15,6.7
Ponta Delgada,3372783,20,PT,1584511965,76,37.73,-25.67,287.15,1.5
Vallenar,3868633,0,CL,1584512176,88,-28.57,-70.76,285.2,0.56
Wanning,1791779,87,CN,1584512176,71,18.8,110.4,297.8,2.68
Nuuk,3421319,100,GL,1584512177,53,64.18,-51.72,268.15,10.8
Saint-Augustin,6137462,100,CA,1584512177,95,51.23,-58.65,270.6,11.6
Kjøllefjord,779261,75,NO,1584512177,92,70.95,27.35,272.15,5.1
Lorengau,2092164,100,PG,1584512177,80,-2.02,147.27,300.4,5.73
Tual,1623197,77,ID,1584512177,69,-5.67,132.75,301.6,2.21
Nioaque,3456288,23,BR,1584512178,88,-21.14,-55.83,296.5,1.2
Baykit,1510689,100,RU,1584512178,91,61.67,96.37,264.7,5.71
Kautokeino,779330,97,NO,1584512178,80,69.01,23.04,269.1,4.67
Tiksi,2015306,0,RU,1584512178,88,71.69,128.87,239.7,3.5
Peniche,2264923,0,PT,1584512178,67,39.36,-9.38,288.15,7.2
Saint-François,2980080,0,FR,1584512179,93,46.42,3.91,280.93,1
Itarema,3393692,43,BR,1584512179,96,-2.92,-39.92,296.6,1.45
Rocha,3440777,100,UY,1584512179,92,-34.48,-54.33,290.7,3.89
Karamsad,1267862,0,IN,1584512179,27,22.55,72.9,304.15,3.1
Hornepayne,5977046,84,CA,1584512179,94,49.21,-84.77,261.7,1.39
Eydhafushi,1337606,63,MV,1584512180,77,5.1,73.07,302.5,7.92
Östersund,2685750,80,SE,1584512180,68,63.18,14.64,272.15,3.1
Big Spring,5517061,1,US,1584512180,93,32.25,-101.48,288.15,2.6
Flin Flon,5954718,64,CA,1584512103,95,54.77,-101.86,250.5,1.53
Iqaluit,5983720,90,CA,1584512180,92,63.75,-68.51,264.15,3.6
Pangnirtung,6096551,100,CA,1584512181,73,66.15,-65.71,256.3,7.83
Lake Shasta,5571109,90,US,1584512181,93,40.68,-122.37,279.15,2.6
Shenzhen,1795565,40,CN,1584511894,83,22.55,114.07,296.15,2.1
Baruun-Urt,2032614,30,MN,1584512181,69,46.68,113.28,270.2,6.06
Provideniya,4031574,90,RU,1584512181,98,64.38,-173.3,273.15,8
Kaohsiung City,1673820,75,TW,1584512182,61,22.62,120.31,299.15,4.1
Escanaba,4992232,75,US,1584512127,80,45.75,-87.06,274.26,3.51
Thunder Bay,6166142,90,CA,1584512182,67,48.4,-89.32,267.15,1.5
Margate,2643044,40,GB,1584512182,93,51.38,1.39,282.59,4.1
Alice Springs,2077895,0,AU,1584512037,16,-23.7,133.88,308.15,3.6
Lagos,2332453,20,NG,1584512061,94,6.58,3.75,301.15,2.1
Chiang Rai,1153669,0,TH,1584512183,43,19.91,99.83,308.71,3.1
Lakatoro,2136697,75,VU,1584512183,79,-16.1,167.42,302.15,1
Marsh Harbour,3571913,72,BS,1584512184,74,26.54,-77.06,295.1,5.05
Cidreira,3466165,68,BR,1584512184,85,-30.18,-50.21,296.3,10.26
Lucapa,145724,100,AO,1584512184,97,-8.42,20.74,292.2,1.29
Dzilam González,3529654,43,MX,1584512184,81,21.28,-88.93,297.7,7.76
Huilong,1806840,1,CN,1584512184,37,31.81,121.66,297.59,4.02
Caucaia,3402429,0,BR,1584512185,88,-3.74,-38.65,300.93,3.54
Kenai,5866063,90,US,1584512185,92,60.55,-151.26,272.04,2.1
Turukhansk,1488903,100,RU,1584512185,91,65.82,87.98,265,3.57
Half Moon Bay,5354943,40,US,1584512185,87,37.46,-122.43,283.15,1.8
Ballitoville,1021360,31,ZA,1584512185,73,-29.54,31.21,295.37,0.5
Karratha,6620339,0,AU,1584512186,55,-20.74,116.85,305.5,4.65
Muros,3115824,0,ES,1584512186,81,42.78,-9.06,287.04,2.6
Beringovskiy,2126710,99,RU,1584511926,90,63.05,179.32,271.4,2.84
Labuan,1733782,75,MY,1584512186,70,5.28,115.24,305.15,2.6
Sechura,3691954,59,PE,1584512186,89,-5.56,-80.82,296.9,0.26
Vardø,777019,75,NO,1584512187,92,70.37,31.11,270.15,3.6
Faanui,4034551,100,PF,1584512187,70,-16.48,-151.75,301.8,2.53
Sovetskiy,1491230,30,RU,1584512187,70,61.36,63.58,270.1,3.89
Fukumitsu,1863973,20,JP,1584512187,44,36.55,136.87,288.71,6.2
Kananga,214481,100,CD,1584512187,95,-5.9,22.42,294.3,0.69
Vao,2137773,29,NC,1584512188,73,-22.67,167.48,298.1,8.37
Qaqortoq,3420846,61,GL,1584512188,28,60.72,-46.03,265.15,6.7
Sydney Mines,7303783,90,CA,1584512188,97,46.24,-60.22,274.26,8.2
Ilo,3938415,94,PE,1584512188,86,-17.64,-71.34,295.4,1.99
Rodolfo Sánchez Taboada,3996737,14,MX,1584512189,80,31.72,-116.57,285.37,0.89
Eilat,295277,63,IL,1584512189,50,29.56,34.95,286.15,3.1
Mórrope,3694586,90,PE,1584512189,29,-6.54,-80.01,292.15,2.6
Bud,4255151,1,US,1584512189,80,39.45,-86.18,279.82,2.1
Hervey Bay,2146219,90,AU,1584512190,64,-25.3,152.85,298.15,8.2
Clyde River,5924351,90,CA,1584512190,75,70.47,-68.59,246.15,6.7
Kununurra,2068110,40,AU,1584512190,37,-15.77,128.73,309.15,3.6
Vostok,2013279,100,RU,1584512190,87,46.49,135.88,272.7,2.83
Ludvika,2693759,99,SE,1584512190,75,60.15,15.19,278.71,3.6
Asbestovskiy,1511329,65,RU,1584512191,70,57.76,61.4,272.1,4.55
Āsosa,343292,46,ET,1584512191,13,10.07,34.53,301.3,3.59
Sinnamary,3380290,6,GF,1584512191,82,5.38,-52.95,299.8,5.79
Kamaishi,2112444,75,JP,1584512191,53,39.27,141.88,284.15,3.1
Nurota,1513087,10,UZ,1584512191,42,40.56,65.69,293.15,5.1
Dzhebariki-Khaya,2024626,95,RU,1584512192,86,62.22,135.8,261.2,0.77
Klaksvík,2618795,94,FO,1584512192,64,62.23,-6.59,277.15,7.7
Sola,2134814,83,VU,1584512192,70,-13.88,167.55,302.3,3.24
Xiangxiang,1790471,66,CN,1584512192,56,27.73,112.53,293.6,1.7
Cherskiy,2126199,100,RU,1584512192,95,68.75,161.3,254.8,3.4
Denpasar,1645528,40,ID,1584511913,75,-8.65,115.22,305.15,4.1
Khandyga,2022773,91,RU,1584512193,86,62.67,135.6,261.2,1.47
Eyl,60019,71,SO,1584512193,74,7.98,49.82,299.7,6.74
Grindavik,3416888,90,IS,1584512193,86,63.84,-22.43,273.15,11.3
Mandalgovi,2030065,15,MN,1584512194,28,45.76,106.27,272.9,7.47
Bosaso,64013,99,SO,1584512194,88,11.28,49.18,300.15,4.1
Esna,355449,0,EG,1584512194,66,25.29,32.55,286.15,3.1
Qasigiannguit,3420768,96,GL,1584512194,50,68.82,-51.19,259.15,13.9
Tabory,1490364,4,RU,1584512194,70,58.52,64.55,272.6,3.66
Batagay,2027044,100,RU,1584511926,81,67.63,134.63,255.9,1.86
Awjilah,88533,0,LY,1584512195,46,29.11,21.29,286.1,4.45
Starosubkhangulovo,488618,94,RU,1584512195,89,53.1,57.44,271.8,3.16
Honiara,2108502,20,SB,1584511948,79,-9.43,159.95,302.15,1.5
Probolinggo,1630634,73,ID,1584512195,93,-7.75,113.22,294.2,1.68
Muriti,152497,75,TZ,1584512195,94,-1.98,32.92,293.15,1
Ormara,1168700,0,PK,1584512196,60,25.21,64.64,298,0.89
Warri,2319133,98,NG,1584512196,93,5.52,5.75,298.9,0.77
Alugan,1731248,82,PH,1584512196,67,12.22,125.48,301,3.04
Swan Hill,2147756,30,AU,1584512196,25,-35.34,143.55,307.04,2.68
Staraya Poltavka,489102,0,RU,1584512197,43,50.48,46.48,278.1,1.63
Constantine,2501152,75,DZ,1584512197,87,36.37,6.61,283.15,3.1
Wanaka,2184707,58,NZ,1584512197,74,-44.7,169.15,281.8,3.43
Manacor,2514216,20,ES,1584512197,87,39.57,3.21,287.15,2.1
Zahir Pir,1162275,36,PK,1584512197,17,28.81,70.52,303.6,2.4
Sabang,1214026,82,ID,1584512198,73,5.89,95.32,301.6,5.77
Williams Lake,6182212,99,CA,1584512198,90,52.14,-122.14,270,1.5
Magán,6361748,1,ES,1584512198,93,39.97,-3.93,283.71,1
Rawson,3839307,0,AR,1584512198,70,-43.3,-65.1,288.6,5.22
Sirte,2210554,100,LY,1584512199,77,31.21,16.59,287,6.38
Yakeshi,2033536,33,CN,1584512199,88,49.28,120.73,269.4,6.21
Abbeville,3038789,44,FR,1584512199,94,50.1,1.83,278.71,2.1
Uzunovo,477466,55,RU,1584512200,82,54.54,38.62,275.8,5.92
Patacamaya,3908339,100,BO,1584512200,87,-17.23,-67.92,279.5,1.24
Khani,610864,90,GE,1584512200,93,41.96,42.96,277.15,1.5
Kropotkin,540761,91,RU,1584512200,58,45.44,40.58,274.26,8.17
Adré,245669,100,TD,1584512200,14,13.47,22.2,295.6,9.86
Şereflikoçhisar,301116,16,TR,1584512201,56,38.94,33.54,270.6,7.36
The Valley,3573374,20,AI,1584512135,74,18.22,-63.06,299.15,3.6
Launceston,2160517,90,AU,1584511967,72,-41.45,147.17,291.48,8.2
Misratah,2214846,37,LY,1584512201,76,32.38,15.09,287.7,9.9
Makarov,2123614,92,RU,1584512201,75,48.63,142.8,273.7,6.49
Dharmadam,1272856,20,IN,1584512202,66,11.78,75.43,305.15,1.5
Yamethin,1285899,0,MM,1584512202,19,20.43,96.15,308.4,4.02
Muroto-misakicho,1856392,75,JP,1584512202,48,33.28,134.15,291.15,5.7
Upernavik,3418910,88,GL,1584512203,52,72.79,-56.15,251.7,3.5
Grand Gaube,934479,40,MU,1584512203,70,-20.01,57.66,302.15,3.6
Vila Franca do Campo,3372472,20,PT,1584512203,76,37.72,-25.43,287.15,1.5
Somers,5273614,1,US,1584512109,64,42.64,-87.91,276.48,2.6
Port-Gentil,2396518,75,GA,1584512203,94,-0.72,8.78,300.15,1.5
Boyolangu,1648082,43,ID,1584512204,80,-8.12,111.89,302.1,2.53
Kruisfontein,986717,0,ZA,1584512204,72,-34,24.73,291.8,5.65
Hualmay,3939761,100,PE,1584512204,77,-11.1,-77.61,294.8,1.39
Kėdainiai,598272,90,LT,1584512204,75,55.29,23.97,279.15,3.1
Koumac,2140558,44,NC,1584512204,81,-20.57,164.28,297.3,2.58
Līsakovsk,1521315,0,KZ,1584511982,89,52.54,62.49,269.6,4.57
Mehamn,778707,75,NO,1584512205,92,71.04,27.85,272.15,5.1
Nānākuli,5851349,75,US,1584512205,88,21.39,-158.15,297.15,6.2
Pak Phanang,1608033,20,TH,1584512205,49,8.35,100.2,307.15,3.1
Bandarbeyla,64814,47,SO,1584512205,73,9.49,50.81,299.4,5.33
Yei,363619,100,SS,1584512206,63,4.09,30.68,296.5,1.21
Delhi,1273294,0,IN,1584511610,53,28.67,77.22,298.15,3.6
Vila Velha,3445026,40,BR,1584512206,94,-20.33,-40.29,298.15,1.5
Antsohihy,1068971,71,MG,1584512206,80,-14.88,47.99,301.6,0.58
Pangoa,3933104,100,PE,1584512207,99,-12.12,-73,293.4,0.77
Belmonte,3470137,75,BR,1584512207,94,-15.86,-38.88,297.15,2.1
Moree,2156927,0,AU,1584512207,30,-29.47,149.85,301.15,4.6
Noshiro,2128867,75,JP,1584512207,61,40.2,140.02,282.15,6.2
Bubaque,2374583,0,GW,1584512208,65,11.28,-15.83,298.5,5.84
Mackay,2159220,90,AU,1584512135,65,-21.15,149.2,300.93,9.8
Cassilândia,3466750,16,BR,1584512208,91,-19.11,-51.73,294.5,1.05
Artyom,587207,90,AZ,1584512208,70,40.47,50.33,280.15,8.2
Lompoc,5367788,1,US,1584512208,81,34.64,-120.46,281.15,2.39
Yanam,1252795,20,IN,1584512208,59,16.73,82.22,305.15,2.1
Morón,3430545,90,AR,1584512209,100,-34.65,-58.62,293.15,2.1
Saint-Joseph,6690296,20,RE,1584512209,74,-21.37,55.62,302.15,1.5
Hrubieszów,770966,88,PL,1584512209,78,50.8,23.89,278.2,2.28
Province of Mantua,3174050,0,IT,1584512209,86,45.17,10.78,282.59,1.5
Whitehorse,6180550,40,CA,1584512107,53,60.72,-135.05,269.15,2.1
Varhaug,3132644,75,NO,1584512210,80,58.61,5.65,278.71,3.1
Umba,479071,100,RU,1584512210,98,66.69,34.34,273.3,6.63
Soyo,2236967,98,AO,1584512210,91,-6.13,12.37,298.4,0.6
Hohhot,2036892,33,CN,1584512210,23,40.81,111.65,283.15,13
Glendive,5654391,90,US,1584512210,81,47.11,-104.71,273.15,3.6
Atar,2381334,65,MR,1584512211,38,20.52,-13.05,288.3,5.03
Watsa,204283,97,CD,1584512211,68,3.04,29.54,296.1,0.91
Darnah,87205,0,LY,1584512211,67,32.77,22.64,287.3,8.19
Noormarkku,644436,20,FI,1584512211,86,61.59,21.87,277.15,4.6
Hanzhong,1808857,71,CN,1584512211,24,33.07,107.03,295.2,2.16
Hirara,1862505,20,JP,1584512212,61,24.8,125.28,298.15,6.7
Inverell,2162662,0,AU,1584512212,33,-29.78,151.12,299.26,1.34
Mareeba,2158767,75,AU,1584512212,69,-17,145.43,300.37,6.7
Namtsy,2019488,86,RU,1584512212,61,62.72,129.67,262.15,3
Nanortalik,3421765,46,GL,1584512212,56,60.14,-45.24,267.8,2.19
Progreso,3521108,5,MX,1584512212,69,21.28,-89.67,298.15,6.2
Plettenberg Bay,964712,0,ZA,1584512213,74,-34.05,23.37,292.3,3.08
Katherine,2068655,0,AU,1584512213,34,-14.47,132.27,309.15,5.1
Edd,338345,100,ER,1584512213,71,13.93,41.69,300.3,0.93
Thinadhoo,1337610,16,MV,1584512213,75,0.53,72.93,302.6,5.17
Morton,5690583,90,US,1584512214,86,46.77,-101.26,274.26,2.6
Tromsø,6453316,75,NO,1584512101,96,69.65,18.96,275.15,9.8
Belaya Gora,2126785,84,RU,1584512214,87,68.53,146.42,251.7,3.87
Bongandanga,218229,100,CD,1584512214,84,1.5,21.05,297.1,1.4
Acapulco de Juárez,3533462,5,MX,1584512102,74,16.86,-99.89,301.15,1.5
Patnanungan,1694369,20,PH,1584512215,66,14.78,122.18,299.8,3.87
Tiznit Province,2527087,94,MA,1584512215,91,29.58,-9.5,282,4.47
Kourou,3381303,49,GF,1584512215,94,5.16,-52.65,297.15,0.5
Port Antonio,3489005,20,JM,1584512215,61,18.18,-76.46,300.15,4.1
Nishihara,1855342,75,JP,1584512216,73,26.18,127.76,294.15,8.7
El Alto,3697441,81,PE,1584512216,76,-4.27,-81.21,297.3,1.44
Lichinga,1043893,60,MZ,1584512216,83,-13.31,35.24,296.2,0.94
Tezu,1254709,0,IN,1584512216,25,27.92,96.17,301.5,2.37
Kasongo-Lunda,2315026,99,CD,1584512216,94,-6.47,16.82,294.5,0.75
Ilongero,159186,100,TZ,1584512217,96,-4.67,34.87,289.5,2.29
Iquique,3887127,43,CL,1584512217,68,-20.22,-70.14,295.15,4.1
Pāsighāt,1260206,0,IN,1584512217,40,28.07,95.33,298.3,2.38
Maceió,3395981,75,BR,1584512040,94,-9.67,-35.74,298.15,1
Birao,240210,83,CF,1584512217,14,10.28,22.79,299.4,7.76
Poplar Bluff,4404233,1,US,1584512101,81,36.76,-90.39,284.26,1.91
Merauke,2082539,69,ID,1584511944,68,-8.47,140.33,303.6,2.76
Liverpool,2644210,75,GB,1584512218,93,53.41,-2.98,280.37,5.1
Abu Kamal,174448,85,SY,1584512218,49,34.45,40.92,288.3,9.27
Andira,3401188,100,BR,1584512218,81,-0.74,-47.84,300.6,3.7
São João Evangelista,3448850,35,BR,1584512219,99,-18.55,-42.76,291.1,0.12
Numan,2328617,90,NG,1584512219,9,9.47,12.03,296.6,1.61
Zhezkazgan,1516589,75,KZ,1584512219,67,47.8,67.71,273.15,3
Pichayevo,509649,0,RU,1584512219,63,53.24,42.2,275.5,4.41
Knyaginino,547162,60,RU,1584512219,78,55.82,45.03,276.1,7.07
Rio Grande,3451138,100,BR,1584512220,80,-32.03,-52.1,295.93,2.24
Penzance,2640377,100,GB,1584512079,100,50.12,-5.54,284.26,8.2
Marçon,2995927,90,FR,1584512220,93,47.71,0.51,284.15,0.42
Milyutinskaya,526504,0,RU,1584512220,52,48.63,41.67,278.3,2.71
Norman,4543762,90,US,1584512044,100,35.22,-97.44,286.48,5.7
Rivera,3440781,82,UY,1584512221,94,-30.91,-55.55,292.1,2.84
Tutin,784800,0,RS,1584512221,78,42.99,20.33,276.1,1.96
Ndélé,237379,86,CF,1584512221,24,8.41,20.65,299,1.81
Tikaitnagar,1254536,0,IN,1584512221,24,26.95,81.58,302.3,5.57
Havre-St-Pierre,5972291,90,CA,1584512222,92,50.23,-63.6,272.15,7.7
Cuiluan,2033413,100,CN,1584512222,94,47.72,128.65,272.9,3.7
Chapais,5919850,1,CA,1584512222,71,49.78,-74.85,259.15,1.5
Iracoubo,3381428,6,GF,1584512222,82,5.48,-53.2,299.8,5.79
Semey,1519422,40,KZ,1584512222,76,50.41,80.23,273.15,5
Marystown,6067472,100,CA,1584512223,97,47.17,-55.15,274,11.95
Olavarría,3842670,45,AR,1584512223,93,-36.89,-60.32,288.71,1.47
Mayumba,2399001,100,GA,1584512223,85,-3.43,10.66,300.4,2.51
Murgab,1218612,98,TM,1584512223,54,37.5,61.97,288.15,3.1
Thakurgaon,1185092,0,BD,1584512224,24,26.03,88.47,304.1,4.76
Abohar,1279403,0,IN,1584512224,27,30.15,74.18,301.8,1.37
Cabo San Lucas,3985710,75,MX,1584512057,77,22.89,-109.91,294.82,1.5
Jiayuguan City,1280957,38,CN,1584512225,10,39.82,98.3,288.6,7.08
Verkhoyansk,2013465,96,RU,1584512225,77,67.54,133.38,255.9,2.48
Aranos,3358666,19,NA,1584512225,59,-24.13,19.12,295.3,4.81
Westport,4845585,1,US,1584512225,60,41.14,-73.36,282.15,2.6
Duekoué,2289549,100,CI,1584512226,98,6.75,-7.35,296.5,1.23
Namatanai,2090021,79,PG,1584512226,71,-3.67,152.43,302.4,1.91
Rajshahi,1185128,0,BD,1584512141,22,24.37,88.6,304.3,3.31
Yeniseysk,1485997,96,RU,1584512226,74,58.45,92.17,272.1,8.48
Clonakilty,2965402,75,IE,1584512226,93,51.62,-8.87,277.15,4.6
Ngunguru,2186111,0,NZ,1584512227,66,-35.62,174.5,290.37,2.68
Sarmanovo,498537,87,RU,1584512227,74,55.26,52.59,274.15,5
Buchanan,2278158,75,LR,1584512227,94,5.88,-10.05,297.15,1.5
Arrondissement de Saint-Denis,2980915,75,FR,1584512227,87,48.92,2.33,284.82,1.46
Kuantan,1735227,20,MY,1584512064,70,3.81,103.33,305.15,3.1
Mwinilunga,902620,100,ZM,1584512227,91,-11.74,24.43,291.2,0.61
Emerald,2167426,0,AU,1584512228,33,-23.53,148.17,303.15,6.2
Geraldton,2070998,100,AU,1584512228,38,-28.77,114.6,298.15,7.2
Sanguéya,2416061,0,GN,1584512228,85,10.7,-14.37,296,1.26
Guerrero Negro,4021858,18,MX,1584512228,69,27.98,-114.06,289.6,4.42
Vanavara,2013727,99,RU,1584512229,80,60.34,102.28,266,5.78
Sambava,1056899,0,MG,1584512229,65,-14.27,50.17,302.6,0.75
Chingirlau,610091,0,KZ,1584512229,53,51.09,54.08,277.9,3.96
Puerto Escondido,3520994,2,MX,1584512229,73,15.85,-97.07,294.6,1.29
Jardim,3460087,19,BR,1584512229,89,-21.48,-56.14,295.6,1.26
Salair,1493224,53,RU,1584512230,80,54.23,85.8,271.7,5.82
Ketchikan,5554428,1,US,1584512230,74,55.34,-131.65,277.15,4.6
Bullhead City,5287565,75,US,1584511941,44,35.15,-114.57,289.15,6.2
Arcata,5558953,90,US,1584512230,75,40.87,-124.08,281.15,1.5
Bathsheba,3374083,40,BB,1584512230,73,13.22,-59.52,298.15,6.7
Semīrom,116406,91,IR,1584512231,57,31.42,51.57,279.6,2.87
Lukovetskiy,533418,90,RU,1584512231,97,64.3,41.92,273.15,4
Santa Barbara,5392952,1,US,1584512231,75,34.42,-119.7,282.15,1.5
Paragominas,3393106,48,BR,1584512231,99,-2.97,-47.48,295.3,0.88
Dudinka,1507116,75,RU,1584512045,85,69.41,86.18,263.15,13
Kathmandu,1283240,20,NP,1584512205,43,27.72,85.32,295.15,2.6
Baker City,5712169,90,US,1584512232,81,44.77,-117.83,280.37,2.6
Superior,5275191,90,US,1584512232,80,46.72,-92.1,274.15,2.6
Aberdeen,2657832,100,GB,1584511994,69,57.14,-2.1,277.59,3.6
Requena,2511930,20,ES,1584512232,93,39.49,-1.1,285.37,2.6
George,1002145,20,ZA,1584512233,77,-33.96,22.46,292.15,5.7
Bom Jesus,3405304,50,BR,1584512233,95,-9.07,-44.36,294.7,0.08
Develi,316795,90,TR,1584512233,92,38.39,35.49,269.15,2.1
Haines Junction,5969025,97,CA,1584512233,74,60.75,-137.51,263.5,2.47
Dulce Grande,3974329,5,MX,1584512233,44,23,-102.17,289.15,6.2
Glomfjord,3155487,75,NO,1584512233,83,66.82,13.97,275.15,7.2
Kavaratti,1267390,20,IN,1584512234,70,10.57,72.64,303.15,2.1
Rostovka,1493523,98,RU,1584512234,87,55.38,71.89,271.1,7.54
Novochernorechenskiy,1497132,83,RU,1584512234,71,56.27,91.08,271.9,8.93
Lavrentiya,4031637,46,RU,1584512234,89,65.58,-171,268,5.32
Kasama,912764,100,ZM,1584512234,97,-10.21,31.18,290.8,1.75
Nouadhibou,2377457,53,MR,1584512235,75,20.93,-17.03,289.2,10.88
Bayangol,2027002,1,RU,1584512235,37,50.7,103.47,273.8,2
Druzhba,709584,23,UA,1584512235,88,52.04,33.95,275.7,2.89
Wainwright,6175059,70,CA,1584512235,97,52.84,-110.86,257.3,1.18
Mildura,2157698,2,AU,1584512236,16,-34.2,142.15,308.15,2.6
Dingle,1714733,14,PH,1584512236,60,11,122.67,303.3,6.06
Price,5545269,1,US,1584512236,44,39.6,-110.81,278.71,2.6
Fujin,2037375,93,CN,1584512236,98,47.26,132.03,274,3.7
Macamic,6062563,20,CA,1584512236,84,48.75,-79,257.15,1
Neiafu,4032420,75,TO,1584512237,94,-18.65,-173.98,300.15,3.6
San Jerónimo,3929611,100,PE,1584512237,91,-11.95,-75.28,278.2,1.5
